{
  "stamp": "20260711T201754Z",
  "tick": 22,
  "session": "session4",
  "gpu_line": "GPU 0: NVIDIA A800-SXM4-80GB (UUID: GPU-3df8ec45-ea04-9bde-3b6c-5c85409e9372)",
  "torch": "2.6.0+cu124",
  "cuda": true,
  "device_name": "NVIDIA A800-SXM4-80GB",
  "edge_cases": {
    "empty_tensor_ok": [
      0,
      8
    ],
    "nan_detected": true,
    "matmul_256": {
      "sec": 0.07060027122497559,
      "gflops": 0.47527341492889,
      "finite": true
    },
    "matmul_512": {
      "sec": 0.00017309188842773438,
      "gflops": 1550.8263179650469,
      "finite": true
    },
    "matmul_1024": {
      "sec": 0.00041413307189941406,
      "gflops": 5185.49179892976,
      "finite": true
    },
    "matmul_2048": {
      "sec": 0.0013642311096191406,
      "gflops": 12593.07830093113,
      "finite": true
    }
  },
  "train": {
    "steps": 500,
    "sec": 3.588330030441284,
    "loss_start": 8.585929870605469,
    "loss_end": 0.4724299907684326,
    "aborted": null,
    "params": 4209664
  },
  "bench": {
    "fwd_20x_b8_t64_sec": 0.01936054229736328
  },
  "merge_dry": {
    "ema_l2_sum": 5.1465661726345306e-15,
    "method": "ema_0.9_shadow"
  },
  "mix_meta": {
    "n_samples": 3,
    "stamp": "20260711T201752Z",
    "path": "/home/mw/project/NEXUS_session4/datasets/nexus_mix/sft_mix_20260711T201752Z.jsonl"
  },
  "checkpoint": "/home/mw/project/NEXUS_session4/checkpoints/cloud_suite/tinylm_tick22_20260711T201754Z.pt"
}