{
  "stamp": "20260711T122444Z",
  "tick": 11,
  "session": "session4",
  "gpu_line": "GPU 0: NVIDIA A100-SXM4-80GB (UUID: GPU-8206e835-916e-e18a-f4be-8f2718d767f0)",
  "torch": "2.4.0+cu124",
  "cuda": true,
  "device_name": "NVIDIA A100-SXM4-80GB",
  "edge_cases": {
    "empty_tensor_ok": [
      0,
      8
    ],
    "nan_detected": true,
    "matmul_256": {
      "sec": 0.06899261474609375,
      "gflops": 0.4863481710830477,
      "finite": true
    },
    "matmul_512": {
      "sec": 0.00015115737915039062,
      "gflops": 1775.867360950511,
      "finite": true
    },
    "matmul_1024": {
      "sec": 0.0003757476806640625,
      "gflops": 5715.227953515858,
      "finite": true
    },
    "matmul_2048": {
      "sec": 0.0013604164123535156,
      "gflops": 12628.390122314746,
      "finite": true
    }
  },
  "train": {
    "steps": 300,
    "sec": 2.810478687286377,
    "loss_start": 8.558062553405762,
    "loss_end": 0.20157462358474731,
    "aborted": null,
    "params": 4209664
  },
  "bench": {
    "fwd_20x_b8_t64_sec": 0.01961207389831543
  },
  "merge_dry": {
    "ema_l2_sum": 5.083666552797572e-15,
    "method": "ema_0.9_shadow"
  },
  "mix_meta": {
    "n_samples": 19,
    "stamp": "20260711T122443Z",
    "path": "/data/NEXUS/datasets/nexus_mix/sft_mix_20260711T122443Z.jsonl"
  },
  "checkpoint": "/data/NEXUS/checkpoints/cloud_suite/tinylm_tick11_20260711T122444Z.pt"
}