{
  "stamp": "20260711T125455Z",
  "tick": 13,
  "session": "session4",
  "gpu_line": "GPU 0: NVIDIA A100-SXM4-80GB (UUID: GPU-8206e835-916e-e18a-f4be-8f2718d767f0)",
  "torch": "2.4.0+cu124",
  "cuda": true,
  "device_name": "NVIDIA A100-SXM4-80GB",
  "edge_cases": {
    "empty_tensor_ok": [
      0,
      8
    ],
    "nan_detected": true,
    "matmul_256": {
      "sec": 0.06970024108886719,
      "gflops": 0.4814105586409435,
      "finite": true
    },
    "matmul_512": {
      "sec": 0.00017189979553222656,
      "gflops": 1561.5810081035008,
      "finite": true
    },
    "matmul_1024": {
      "sec": 0.000392913818359375,
      "gflops": 5465.533528362252,
      "finite": true
    },
    "matmul_2048": {
      "sec": 0.0013647079467773438,
      "gflops": 12588.678203691114,
      "finite": true
    }
  },
  "train": {
    "steps": 300,
    "sec": 2.525336742401123,
    "loss_start": 8.623123168945312,
    "loss_end": 0.4979763627052307,
    "aborted": null,
    "params": 4209664
  },
  "bench": {
    "fwd_20x_b8_t64_sec": 0.02057170867919922
  },
  "merge_dry": {
    "ema_l2_sum": 5.376704371013235e-15,
    "method": "ema_0.9_shadow"
  },
  "mix_meta": {
    "n_samples": 163,
    "stamp": "20260711T125453Z",
    "path": "/data/NEXUS/datasets/nexus_mix/sft_mix_20260711T125453Z.jsonl"
  },
  "checkpoint": "/data/NEXUS/checkpoints/cloud_suite/tinylm_tick13_20260711T125455Z.pt"
}