{
  "stamp": "20260711T235143Z",
  "tick": 73,
  "session": "session4",
  "gpu_line": "GPU 0: NVIDIA A800-SXM4-80GB (UUID: GPU-3df8ec45-ea04-9bde-3b6c-5c85409e9372)",
  "torch": "2.6.0+cu124",
  "cuda": true,
  "device_name": "NVIDIA A800-SXM4-80GB",
  "edge_cases": {
    "empty_tensor_ok": [
      0,
      8
    ],
    "nan_detected": true,
    "matmul_256": {
      "sec": 0.07084941864013672,
      "gflops": 0.47360207950938876,
      "finite": true
    },
    "matmul_512": {
      "sec": 0.00016546249389648438,
      "gflops": 1622.3341597155963,
      "finite": true
    },
    "matmul_1024": {
      "sec": 0.0004050731658935547,
      "gflops": 5301.4710151506715,
      "finite": true
    },
    "matmul_2048": {
      "sec": 0.0013642311096191406,
      "gflops": 12593.07830093113,
      "finite": true
    }
  },
  "train": {
    "steps": 500,
    "sec": 3.6346867084503174,
    "loss_start": 8.386561393737793,
    "loss_end": 0.4726172089576721,
    "aborted": null,
    "params": 4209664
  },
  "bench": {
    "fwd_20x_b8_t64_sec": 0.019867658615112305
  },
  "merge_dry": {
    "ema_l2_sum": 5.239434448423046e-15,
    "method": "ema_0.9_shadow"
  },
  "mix_meta": {
    "n_samples": 3,
    "stamp": "20260711T235141Z",
    "path": "/home/mw/project/NEXUS_session4/datasets/nexus_mix/sft_mix_20260711T235141Z.jsonl"
  },
  "checkpoint": "/home/mw/project/NEXUS_session4/checkpoints/cloud_suite/tinylm_tick73_20260711T235143Z.pt"
}