{
  "stamp": "20260716T135923Z",
  "results": [
    {
      "steps": 50,
      "rc": 0,
      "ok": true,
      "metrics": {
        "loss_start": 0.81640625,
        "loss_end": 0.80078125,
        "loss_mean": 0.825546875,
        "steps": 50,
        "finite": true
      }
    },
    {
      "steps": 100,
      "rc": 0,
      "ok": true,
      "metrics": {
        "loss_start": 0.81640625,
        "loss_end": 0.78125,
        "loss_mean": 0.802265625,
        "steps": 100,
        "finite": true
      }
    }
  ]
}
